H,T,logT,curv_mall,se_mall,abs_curv_mall,log_abs_curv_mall,curv_fd,se_fd,abs_curv_fd,log_abs_curv_fd,curv_theory,abs_curv_theory,log_abs_curv_theory,time_mall_s,time_fd_s,fd_selected_bump_frac,fd_status,fd_blowup_flag,fd_blowup_ratio_smallest_to_largest,fd_rel_se_selected,fd_neighbor_log_gap_selected,n_steps,n_paths_mall,n_paths_fd,n_seeds_fd
0.05,0.1,-2.3025850929940455,0.0010399912344122922,2.290525524519229e-06,0.0010399912344122922,-6.868542994314095,-3.2885454720679013,1.7007678364137466,3.2885454720679013,1.1904453612652803,0.0010973333852510574,0.0010973333852510574,-6.814872237522796,21.171963625005446,0.6168143328977749,0.2,stable,False,3.0537493897452266,0.5171793581264579,0.8099189912918914,256,8000,4000,7
0.05,0.05,-2.995732273553991,0.0004900421865549407,1.0417920582590315e-06,0.0004900421865549407,-7.621019075555481,-6.600802351449651,3.4056234185233585,6.600802351449651,1.887191210045003,0.0005119241255770031,0.0005119241255770031,-7.577334136138736,20.965181875042617,0.6620522909797728,0.2,stable,False,3.0612372414289077,0.5159408261596296,0.8144744265149588,256,8000,4000,7
0.05,0.025,-3.6888794541139363,0.0002307528573918101,4.735410069195432e-07,0.0002307528573918101,-8.374163301594884,-13.253022155790672,6.825573529671662,13.253022155790672,2.5842256136537785,0.0002388210491634877,0.0002388210491634877,-8.339796034754675,21.58063245890662,0.6605787500739098,0.2,stable,False,3.068585161864646,0.5150201553605153,0.8196116639553046,256,8000,4000,7
0.05,0.0125,-4.382026634673881,0.00010859002517478991,2.151209735690552e-07,0.00010859002517478991,-9.127931003902082,-26.58749724095727,13.671175944261632,26.58749724095727,3.2804410767541743,0.00011141395897148395,0.00011141395897148395,-9.102257933370616,21.36075516708661,0.5902586249867454,0.2,stable,False,3.092747084805739,0.514195669504446,0.8240551374717007,256,8000,4000,7
0.05,0.00625,-5.075173815233827,5.107167624115523e-05,9.767272384870134e-08,5.107167624115523e-05,-9.882280495420119,-53.21448561360874,27.34169951734642,53.21448561360874,3.974330645254591,5.197644971906139e-05,5.197644971906139e-05,-9.864719831986555,22.467387625016272,0.6492410000646487,0.2,stable,False,3.110915266610261,0.5138018192240916,0.8264331135258094,256,8000,4000,7
0.1,0.1,-2.3025850929940455,0.001267633404346132,3.414584429794815e-06,0.001267633404346132,-6.670603578060102,-3.4495742432418113,1.7120619735522886,3.4495742432418113,1.238250815671908,0.0012733306922568567,0.0012733306922568567,-6.666119219177744,22.850852417061105,0.6011693339096382,0.2,stable,False,2.743805638505331,0.49631109604509965,0.7585046966421198,256,8000,4000,7
0.1,0.05,-2.995732273553991,0.0005579402337326222,1.3994353127195755e-06,0.0005579402337326222,-7.491258709325488,-7.114511372106492,3.5060930494225038,7.114511372106492,1.96213655344305,0.0005542493757032252,0.0005542493757032252,-7.497895835849678,22.032692749984562,0.6339827919146046,0.2,stable,False,2.8678468174766376,0.4928086928314806,0.7929592091588455,256,8000,4000,7
0.1,0.025,-3.6888794541139363,0.0002452208101510962,5.7287342417383e-07,0.0002452208101510962,-8.313351487392975,-14.532660118071094,7.125256040854456,14.532660118071094,2.6763985384629034,0.00024125105311248392,0.00024125105311248392,-8.329672452521612,22.4741356249433,0.6671949999872595,0.2,stable,False,3.0294249563523072,0.49029262247689476,0.8191380437979876,256,8000,4000,7
0.1,0.0125,-4.382026634673881,0.00010764236066027802,2.3427213793011416e-07,0.00010764236066027802,-9.13669630127695,-29.466515018600663,14.400973437594194,29.466515018600663,3.383254534534666,0.00010501062009142803,0.00010501062009142803,-9.161449069193546,22.156634625047445,0.620668665971607,0.2,stable,False,3.1757764659061816,0.4887233331971431,0.8393558517860611,256,8000,4000,7
0.1,0.00625,-5.075173815233827,4.7199302282801505e-05,9.571845595848093e-08,4.7199302282801505e-05,-9.961131447626057,-59.34073114758843,28.958337046912767,59.34073114758843,4.0832959361145145,4.570852723633398e-05,4.570852723633398e-05,-9.99322568586548,22.225298083969392,0.6432055840268731,0.2,stable,False,3.297301401414573,0.48800101527042977,0.8534545884060925,256,8000,4000,7
0.15,0.1,-2.3025850929940455,0.0011548119345704793,3.28793760102032e-06,0.0011548119345704793,-6.763817775477876,-3.555705244146364,1.7234620935424405,3.555705244146364,1.2685534244934955,0.0011265563485623451,0.0011265563485623451,-6.788589778426561,22.391681999899447,0.6124860419658944,0.2,stable,False,2.581849245783547,0.48470330784018645,0.7396035684688507,256,8000,4000,7
0.15,0.05,-2.995732273553991,0.0004731259230121188,1.2100425022914872e-06,0.0004731259230121188,-7.656148982890197,-7.439464532975733,3.570795787336396,7.439464532975733,2.0067988748807073,0.0004575240468750477,0.0004575240468750477,-7.6896811131544895,22.708507915958762,0.6195399169810116,0.2,stable,False,2.8173974276482823,0.47998021517660266,0.7919863354006738,256,8000,4000,7
0.15,0.025,-3.6888794541139363,0.00019352140893417246,4.44874343071359e-07,0.00019352140893417246,-8.550122411127965,-15.39070400108214,7.323697044446609,15.39070400108214,2.7337636908644782,0.00018581250173243003,0.00018581250173243003,-8.590772447882419,22.218683082959615,0.5790686670225114,0.2,stable,False,3.0725044998763242,0.47585198467410394,0.8354172508085018,256,8000,4000,7
0.15,0.0125,-4.382026634673881,7.904995384349762e-05,1.6342361528277277e-07,7.904995384349762e-05,-9.445430578198938,-31.447809711757326,14.846804895206116,31.447809711757326,3.4483293372158967,7.546332490255673e-05,7.546332490255673e-05,-9.491863782610348,22.588774624979123,0.6109628750709817,0.2,stable,False,3.4282485852976,0.47210934660595366,0.8667653865864513,256,8000,4000,7
0.15,0.00625,-5.075173815233827,3.2255452959605e-05,5.999283343936936e-08,3.2255452959605e-05,-10.341823444996825,-63.194593892903676,29.688517516479486,63.194593892903676,4.1462187578248395,3.0647633244555445e-05,3.0647633244555445e-05,-10.392955117338277,22.394678042037413,0.6097940839827061,0.2,stable,False,3.701223454380114,0.4697952101218156,0.8836761706921874,256,8000,4000,7
0.2,0.1,-2.3025850929940455,0.0009376396747525603,2.6585727035987015e-06,0.0009376396747525603,-6.972144824814349,-3.643940220154046,1.7228631300790722,3.643940220154046,1.2930655742560258,0.0009017403242651954,0.0009017403242651954,-7.011183968190845,24.492688082973473,0.7142839579610154,0.2,stable,False,2.486631922748181,0.4728022486620922,0.738868788960779,256,8000,4000,7
0.2,0.05,-2.995732273553991,0.0003572577435877095,8.78019715318608e-07,0.0003572577435877095,-7.937053065846285,-7.791540042370781,3.6514296562205266,7.791540042370781,2.0530385351280573,0.0003416956870448038,0.0003416956870448038,-7.981590020974768,26.28111529198941,0.7598272080067545,0.2,stable,False,2.8765960922419684,0.4686402991403331,0.8145260296068484,256,8000,4000,7
0.2,0.025,-3.6888794541139363,0.00013594087503733353,2.898973268301554e-07,0.00013594087503733353,-8.903290509128633,-16.17099103532066,7.493788685539194,16.17099103532066,2.7832189602279986,0.00012947845338974037,0.00012947845338974037,-8.951996073758691,25.023753334069625,0.6544117500307038,0.2,stable,False,3.3629556648694217,0.4634093649035652,0.8645339355561199,256,8000,4000,7
0.2,0.0125,-4.382026634673881,5.167501471340297e-05,9.569599046635296e-08,5.167501471340297e-05,-9.870536167666865,-50.56009892647465,23.257945988781973,50.56009892647465,3.9231627064520884,4.906315920224347e-05,4.906315920224347e-05,-9.922402126542615,25.25290233292617,0.682148625026457,0.1,stable,False,3.7839715821352917,0.46000594307784226,0.44369755690542156,256,8000,4000,7
0.2,0.00625,-5.075173815233827,1.9628137961388305e-05,3.1584444286028504e-08,1.9628137961388305e-05,-10.838546410956127,-106.54038166850235,40.944095706912826,106.54038166850235,4.668524083878742,1.859146080204438e-05,1.859146080204438e-05,-10.892808179326538,24.387926000053994,0.6394009999930859,0.1,stable,False,4.081562612248861,0.3843058853900986,0.5187083798365757,256,8000,4000,7
0.25,0.1,-2.3025850929940455,0.0007182023027445665,1.963567114615188e-06,0.0007182023027445665,-7.238759269905409,-3.7776806041745425,1.7535839533221036,3.7776806041745425,1.329110224524729,0.0006862503959227079,0.0006862503959227079,-7.2842679882041494,24.140454416978173,0.6356379999779165,0.2,stable,False,2.5506765938085607,0.46419592788874153,0.7609500602634665,256,8000,4000,7
0.25,0.05,-2.995732273553991,0.000254552035583853,5.82267633518893e-07,0.000254552035583853,-8.276005280854138,-8.039734405777939,3.6956396990019162,8.039734405777939,2.0843960485380153,0.00024262615427444992,0.00024262615427444992,-8.323988759044067,24.875186374993064,0.6997194580035284,0.2,stable,False,3.1408283512134894,0.4596718638299743,0.8389558617383033,256,8000,4000,7
0.25,0.025,-3.6888794541139363,9.015551268338046e-05,1.7279655755910492e-07,9.015551268338046e-05,-9.313974460063847,-16.468857390870415,7.484403120969453,16.468857390870415,2.801471166608142,8.578129949033849e-05,8.578129949033849e-05,-9.363709529883986,24.131835749954917,0.6401425839867443,0.2,stable,False,3.79448624576684,0.4544579471019322,0.8884693993143329,256,8000,4000,7
0.25,0.0125,-4.382026634673881,3.191431738772496e-05,5.130752603200318e-08,3.191431738772496e-05,-10.352455827931646,-55.36773655401221,19.809507872953297,55.36773655401221,4.013997051437147,3.032826928430624e-05,3.032826928430624e-05,-10.403430300723903,23.78805612504948,0.6172659168951213,0.1,stable,False,4.219698522411749,0.3577807059826036,0.5495414530484917,256,8000,4000,7
0.25,0.00625,-5.075173815233827,1.1293312895741755e-05,1.524019013502316e-08,1.1293312895741755e-05,-11.391299786554262,-105.75534205874825,38.25528215815431,105.75534205874825,4.661128332572471,1.0722662436292311e-05,1.0722662436292311e-05,-11.443151071563822,23.460393041954376,0.7005333330016583,0.1,stable,False,4.1542798236524625,0.36173380382905934,0.5687387814035887,256,8000,4000,7
0.3,0.1,-2.3025850929940455,0.0005324555151907738,1.375848908262227e-06,0.0005324555151907738,-7.538011203418159,-3.82704114237403,1.7572485460780174,3.82704114237403,1.34209195694079,0.0005081335603332684,0.0005081335603332684,-7.584766230899765,26.69343999994453,0.7568252920173109,0.2,stable,False,2.743159707729164,0.4591663587363325,0.7778013272396535,256,8000,4000,7
0.3,0.05,-2.995732273553991,0.00017566199889496032,3.666810396703562e-07,0.00017566199889496032,-8.6469488701995,-8.17899229134988,3.6978247099015547,8.17899229134988,2.1015689512594085,0.00016762156314723583,0.00016762156314723583,-8.693801719795678,28.417795000015758,0.6718549160286784,0.2,stable,False,3.571732830189367,0.4521125070398198,0.8702089065643936,256,8000,4000,7
0.3,0.025,-3.6888794541139363,5.7950686333622855e-05,9.790511623271501e-08,5.7950686333622855e-05,-9.755918144700367,-27.894476866441003,10.134023039214037,27.894476866441003,3.328428707453993,5.529449464722398e-05,5.529449464722398e-05,-9.80283720869159,24.00563237501774,0.6538566669914871,0.1,stable,False,4.219320722477348,0.3632985514564703,0.5479247601578496,256,8000,4000,7
0.3,0.0125,-4.382026634673881,1.9117446418287902e-05,2.6172487823338022e-08,1.9117446418287902e-05,-10.864909214789227,-53.10424424371406,18.964079032180877,53.10424424371406,3.972256854313872,1.8240380777300375e-05,1.8240380777300375e-05,-10.911872697587503,24.345911458018236,0.6900356659898534,0.1,stable,False,4.167861619062006,0.3571104212527354,0.5713100903259143,256,8000,4000,7
0.3,0.00625,-5.075173815233827,6.306592282053854e-06,7.0020870742953915e-09,6.306592282053854e-06,-11.973915077678548,-84.35636058077306,39.190794841403964,84.35636058077306,4.435050213152842,6.017081682789418e-06,6.017081682789418e-06,-12.020908186483416,24.115263834013604,0.6215576669201255,0.1,stable,False,3.4267825263259484,0.464586126897662,0.4497482301956319,256,8000,4000,7
0.35,0.1,-2.3025850929940455,0.0003872861870339294,9.331840899213855e-07,0.0003872861870339294,-7.856346636851248,-3.8825885666795643,1.7677094649854832,3.8825885666795643,1.3565020875460234,0.000370101972166349,0.000370101972166349,-7.90173198984724,23.298732541967183,0.622865958022885,0.2,stable,False,3.100063323646535,0.45529147233265804,0.8069935552446443,256,8000,4000,7
0.35,0.05,-2.995732273553991,0.00011901389532393387,2.2374573915186377e-07,0.00011901389532393387,-9.036270304241514,-13.414062999220974,5.575049249442108,13.414062999220974,2.596303634194098,0.00011391224385013409,0.00011391224385013409,-9.080082196799147,24.448152416967787,0.6147546250140294,0.1,stable,False,4.008259425680478,0.4156122756964747,0.505842509676973,256,8000,4000,7
0.35,0.025,-3.6888794541139363,3.659542988254673e-05,5.379508001945407e-08,3.659542988254673e-05,-10.21558719195052,-27.281769358168948,9.215075624107952,27.281769358168948,3.3062186900424124,3.5060605656919094e-05,3.5060605656919094e-05,-10.258432403751053,23.344876083079726,0.60413949994836,0.1,stable,False,4.250613683425877,0.3377741195275039,0.5822165616865531,256,8000,4000,7
0.35,0.0125,-4.382026634673881,1.125687236612442e-05,1.2955795568329648e-08,1.125687236612442e-05,-11.394531738834402,-43.10970170522958,19.546191479587364,43.10970170522958,3.7637480693481775,1.0791167195751278e-05,1.0791167195751278e-05,-11.436782610702961,23.89096112502739,0.7636863749939948,0.1,stable,False,3.4958189786638627,0.45340586240280667,0.46562059927336774,256,8000,4000,7
0.35,0.00625,-5.075173815233827,3.463442467407589e-06,3.1234559035606807e-09,3.463442467407589e-06,-12.573247530735449,-47.79549800441771,23.429699013375245,47.79549800441771,3.86693145105382,3.3213713016300287e-06,3.3213713016300287e-06,-12.615132817654867,29.23735645902343,0.6502987090498209,0.2,stable,False,2.649910122372621,0.490207236907745,0.6957141194679415,256,8000,4000,7
0.4,0.1,-2.3025850929940455,0.00027854213827013775,6.199431446318419e-07,0.00027854213827013775,-8.185941205661184,-3.902006548668955,1.7589515932808304,3.902006548668955,1.3614909204847379,0.0002669370044755235,0.0002669370044755235,-8.228497865695761,24.194119542022236,0.6332242080243304,0.2,stable,False,3.446696964487826,0.4507813022202233,0.8330720840472424,256,8000,4000,7
0.4,0.05,-2.995732273553991,7.978044219759209e-05,1.3383677518796107e-07,7.978044219759209e-05,-9.436232168790013,-13.725333431860806,4.787661145418037,13.725333431860806,2.619243280860856,7.66575244822175e-05,7.66575244822175e-05,-9.476162790703663,23.817142583080567,0.6045597499469295,0.1,stable,False,4.217610101729142,0.34881929602557943,0.5688159994090074,256,8000,4000,7
0.4,0.025,-3.6888794541139363,2.2876433933198485e-05,2.8993526208332633e-08,2.2876433933198485e-05,-10.685403263163044,-23.342612012468592,9.771007173547689,23.342612012468592,3.150280532013615,2.2014093067717042e-05,2.2014093067717042e-05,-10.723827715711565,24.48929199995473,0.6194267909741029,0.1,stable,False,3.753169020808709,0.4185909943723714,0.5110862981211453,256,8000,4000,7
0.4,0.0125,-4.382026634673881,6.563854421302209e-06,6.2933809586042e-09,6.563854421302209e-06,-11.93393256333365,-24.272347310562512,11.784625138589988,24.272347310562512,3.1893377316073996,6.3218881234095495e-06,6.3218881234095495e-06,-11.971492640719466,23.838711209013127,0.6049805410439149,0.2,stable,False,2.765288409861979,0.48551650105392624,0.7080139614925813,256,8000,4000,7
0.4,0.00625,-5.075173815233827,1.8840370564572528e-06,1.3675958151604288e-09,1.8840370564572528e-06,-13.182093712971023,-42.8692312651165,21.715896170938638,42.8692312651165,3.7581543486813582,1.8154856219589606e-06,1.8154856219589606e-06,-13.219157565727368,23.786797792068683,0.6069340000394732,0.2,stable,False,2.134151557997228,0.5065613618457692,0.6177146774517359,256,8000,4000,7
